{
    "name": "root",
    "gauges": {
        "Basic.Policy.Entropy.mean": {
            "value": 0.03516856208443642,
            "min": 0.02952069789171219,
            "max": 0.631777286529541,
            "count": 208
        },
        "Basic.HighScore.mean": {
            "value": 1277.0,
            "min": 11.0,
            "max": 1277.0,
            "count": 146
        },
        "Basic.Environment.EpisodeLength.mean": {
            "value": 8037.666666666667,
            "min": 15.715966386554621,
            "max": 50975.0,
            "count": 109
        },
        "Basic.Policy.ExtrinsicValueEstimate.mean": {
            "value": 0.13864393532276154,
            "min": -0.7074963450431824,
            "max": 0.165170356631279,
            "count": 208
        },
        "Basic.Environment.CumulativeReward.mean": {
            "value": 3.9000000841915607,
            "min": -0.9042016754130355,
            "max": 73.40000116825104,
            "count": 109
        },
        "Basic.Policy.ExtrinsicReward.mean": {
            "value": 3.9000000841915607,
            "min": -0.9042016754130355,
            "max": 73.40000116825104,
            "count": 109
        },
        "Basic.Losses.PolicyLoss.mean": {
            "value": 0.06974655554319421,
            "min": 0.059942404349567366,
            "max": 0.07813864880396675,
            "count": 208
        },
        "Basic.Losses.ValueLoss.mean": {
            "value": 0.002413642831334073,
            "min": 0.0001009040975645803,
            "max": 0.16866783113800923,
            "count": 208
        },
        "Basic.Policy.LearningRate.mean": {
            "value": 0.000175457165514292,
            "min": 0.000175457165514292,
            "max": 0.00029969185510271497,
            "count": 208
        },
        "Basic.Policy.Epsilon.mean": {
            "value": 0.15848570800000003,
            "min": 0.15848570800000003,
            "max": 0.19989728500000004,
            "count": 208
        },
        "Basic.Policy.Beta.mean": {
            "value": 0.0029284368292000007,
            "min": 0.0029284368292000007,
            "max": 0.004994874521500001,
            "count": 208
        },
        "Basic.IsTraining.mean": {
            "value": 1.0,
            "min": 1.0,
            "max": 1.0,
            "count": 208
        }
    },
    "metadata": {
        "timer_format_version": "0.1.0",
        "start_time_seconds": "1608843164",
        "python_version": "3.7.6 (default, Jan  8 2020, 20:23:39) [MSC v.1916 64 bit (AMD64)]",
        "command_line_arguments": "D:\\anaconda3\\envs\\ml-agents1.0.6\\Scripts\\mlagents-learn new_trainer_new.yaml --run-id=JumpingAgents1 --time-scale=3",
        "mlagents_version": "0.23.0",
        "mlagents_envs_version": "0.23.0",
        "communication_protocol_version": "1.3.0",
        "pytorch_version": "1.7.0+cu110",
        "numpy_version": "1.18.5",
        "end_time_seconds": "1608847287"
    },
    "total": 4122.422746499999,
    "count": 1,
    "self": 0.008419699998739816,
    "children": {
        "run_training.setup": {
            "total": 0.051576499999999914,
            "count": 1,
            "self": 0.051576499999999914
        },
        "TrainerController.start_learning": {
            "total": 4122.362750300001,
            "count": 1,
            "self": 9.183065700000952,
            "children": {
                "TrainerController._reset_env": {
                    "total": 12.792632,
                    "count": 1,
                    "self": 12.792632
                },
                "TrainerController.advance": {
                    "total": 4100.252013400001,
                    "count": 204038,
                    "self": 4.95584980008698,
                    "children": {
                        "env_step": {
                            "total": 4095.2961635999136,
                            "count": 204038,
                            "self": 2863.5422171999126,
                            "children": {
                                "SubprocessEnvManager._take_step": {
                                    "total": 1227.1455765000171,
                                    "count": 204038,
                                    "self": 24.245051900009003,
                                    "children": {
                                        "TorchPolicy.evaluate": {
                                            "total": 1202.900524600008,
                                            "count": 203868,
                                            "self": 454.654437999951,
                                            "children": {
                                                "TorchPolicy.sample_actions": {
                                                    "total": 748.2460866000571,
                                                    "count": 203868,
                                                    "self": 748.2460866000571
                                                }
                                            }
                                        }
                                    }
                                },
                                "workers": {
                                    "total": 4.6083698999837885,
                                    "count": 204037,
                                    "self": 0.0,
                                    "children": {
                                        "worker_root": {
                                            "total": 4100.4207643000655,
                                            "count": 204037,
                                            "is_parallel": true,
                                            "self": 2538.0198064000583,
                                            "children": {
                                                "steps_from_proto": {
                                                    "total": 0.0007787000000014643,
                                                    "count": 1,
                                                    "is_parallel": true,
                                                    "self": 0.0004734000000023997,
                                                    "children": {
                                                        "_process_vector_observation": {
                                                            "total": 0.00030529999999906465,
                                                            "count": 2,
                                                            "is_parallel": true,
                                                            "self": 0.00030529999999906465
                                                        }
                                                    }
                                                },
                                                "UnityEnvironment.step": {
                                                    "total": 1562.4001792000072,
                                                    "count": 204037,
                                                    "is_parallel": true,
                                                    "self": 40.18942670006618,
                                                    "children": {
                                                        "UnityEnvironment._generate_step_input": {
                                                            "total": 71.3454159999909,
                                                            "count": 204037,
                                                            "is_parallel": true,
                                                            "self": 71.3454159999909
                                                        },
                                                        "communicator.exchange": {
                                                            "total": 1333.5814995000287,